{
    "Lower East Side":[40.726556058394465, -73.99021556182919],
    "Lower East Side":[40.72661901093653, -73.99037743979443],
    "Lower East Side":[40.726654983817696, -73.99045837877708],
    "Lower East Side":[40.726726929580025, -73.99062025674237],
    "Lower East Side":[40.72675390924093, -73.99070119572502],
    "East Harlem":[40.800867433301875, -73.93502886056586],
    "East Harlem":[40.80208752196519, -73.93691081027866],
    "East Harlem":[40.80160482026103, -73.936693614276],
    "East Harlem":[40.80204789450516, -73.93608958072889],
    "Bedford Stuyvesant":[40.67944467293286, -73.94506161524178],
    "Bowery":[40.72210441434942, -73.99330922960996],
    "Long Island City":[40.74668288541022, -73.95158068745047],
    "Greenpoint":[40.72732478700261, -73.95181845691981],
    "Bronx":[40.85674053001608, -73.86100920270339],
    "Fleetwood Concourse Village":[40.829312593462305, -73.91203749782215]
}
